{
    "rmse": 0.6271210072416072,
    "mse": 0.39328075772372795,
    "r2_score": 0.31584872695087085
}