{
    "rmse": 0.7413178013962783,
    "mse": 0.549552082667012,
    "r2_score": 0.1953609209016215
}